{"cameraMode":{"drawMode":0,"name":"Shaded","section":"Shading Mode"},"sceneLighting":true,"audioPlay":false,"sceneViewState":{"showFog":true,"showMaterialUpdate":false,"showSkybox":true,"showFlares":true,"showImageEffects":true,"showParticleSystems":true},"in2DMode":false,"pivot":{"x":9.878406524658204,"y":0.5190539956092835,"z":-12.10963249206543},"rotation":{"x":0.3409099876880646,"y":0.08865736424922943,"z":-0.0323123000562191,"w":0.9353786110877991},"size":14.73290729522705,"orthographic":true}