{"cameraMode":{"drawMode":0,"name":"Shaded","section":"Shading Mode"},"sceneLighting":false,"audioPlay":false,"sceneViewState":{"showFog":true,"showMaterialUpdate":false,"showSkybox":false,"showFlares":true,"showImageEffects":true,"showParticleSystems":true},"in2DMode":false,"pivot":{"x":0.02018296718597412,"y":1.4273011684417725,"z":0.2798346281051636},"rotation":{"x":-0.014539874158799649,"y":-0.9835109114646912,"z":0.09203951060771942,"w":-0.15542282164096833},"size":2.5010623931884767,"orthographic":true}