{"cameraMode":{"drawMode":0,"name":"Shaded","section":"Shading Mode"},"sceneLighting":false,"audioPlay":false,"sceneViewState":{"showFog":true,"showMaterialUpdate":false,"showSkybox":false,"showFlares":true,"showImageEffects":true,"showParticleSystems":true},"in2DMode":false,"pivot":{"x":-3.969585418701172,"y":-0.000016832183973747306,"z":1.3386497497558594},"rotation":{"x":-0.4874836206436157,"y":0.055549412965774539,"z":-0.031043527647852899,"w":-0.8708643317222595},"size":55.04747009277344,"orthographic":true}