{"cameraMode":{"drawMode":0,"name":"Shaded","section":"Shading Mode"},"sceneLighting":true,"audioPlay":false,"sceneViewState":{"showFog":true,"showMaterialUpdate":false,"showSkybox":true,"showFlares":true,"showImageEffects":true,"showParticleSystems":true},"in2DMode":false,"pivot":{"x":8.185194969177246,"y":1.546476125717163,"z":-4.971490383148193},"rotation":{"x":-0.469817578792572,"y":0.03879128396511078,"z":-0.02030990459024906,"w":-0.882254421710968},"size":8.900471687316895,"orthographic":true}