{"cameraMode":{"drawMode":0,"name":"Shaded","section":"Shading Mode"},"sceneLighting":false,"audioPlay":false,"sceneViewState":{"showFog":true,"showMaterialUpdate":false,"showSkybox":false,"showFlares":true,"showImageEffects":true,"showParticleSystems":true},"in2DMode":false,"pivot":{"x":-7.562503814697266,"y":7.766462326049805,"z":6.532447814941406},"rotation":{"x":-0.2438410371541977,"y":0.010940667241811753,"z":-0.002655625343322754,"w":-0.9698783755302429},"size":31.82851219177246,"orthographic":true}